{"cameraMode":{"drawMode":0,"name":"Shaded","section":"Shading Mode"},"sceneLighting":true,"audioPlay":false,"sceneViewState":{"showFog":true,"showMaterialUpdate":false,"showSkybox":true,"showFlares":true,"showImageEffects":true,"showParticleSystems":true},"in2DMode":false,"pivot":{"x":0.3496828079223633,"y":1.245550513267517,"z":0.012840509414672852},"rotation":{"x":-0.04225962609052658,"y":0.04285981133580208,"z":-0.001804807805456221,"w":-0.9982157945632935},"size":1.3293802738189698,"orthographic":false}