{"cameraMode":{"drawMode":0,"name":"Shaded","section":"Shading Mode"},"sceneLighting":false,"audioPlay":false,"sceneViewState":{"showFog":true,"showMaterialUpdate":false,"showSkybox":false,"showFlares":true,"showImageEffects":true,"showParticleSystems":true},"in2DMode":false,"pivot":{"x":0.022099733352661134,"y":2.7084832191467287,"z":-1.0686731338500977},"rotation":{"x":-0.0147190410643816,"y":-0.9796178936958313,"z":0.1846531480550766,"w":-0.07806214690208435},"size":8.187865257263184,"orthographic":false}