{"cameraMode":{"drawMode":0,"name":"Shaded","section":"Shading Mode"},"sceneLighting":false,"audioPlay":false,"sceneViewState":{"showFog":true,"showMaterialUpdate":false,"showSkybox":false,"showFlares":true,"showImageEffects":true,"showParticleSystems":true},"in2DMode":false,"pivot":{"x":-0.2066633254289627,"y":2.9510138034820558,"z":1.9886505603790284},"rotation":{"x":0.00433496804907918,"y":0.9469267129898071,"z":-0.012784511782228947,"w":0.32117506861686709},"size":0.5196980237960815,"orthographic":false}