{"cameraMode":{"drawMode":0,"name":"Shaded","section":"Shading Mode"},"sceneLighting":true,"audioPlay":false,"sceneViewState":{"showFog":true,"showMaterialUpdate":false,"showSkybox":true,"showFlares":true,"showImageEffects":true,"showParticleSystems":true},"in2DMode":false,"pivot":{"x":-0.5844592452049255,"y":2.799091339111328,"z":0.03068697825074196},"rotation":{"x":0.02346954308450222,"y":-0.9108882546424866,"z":0.052251387387514117,"w":0.4087394177913666},"size":5.047734260559082,"orthographic":false}