{"cameraMode":{"drawMode":0,"name":"Shaded","section":"Shading Mode"},"sceneLighting":false,"audioPlay":false,"sceneViewState":{"showFog":true,"showMaterialUpdate":false,"showSkybox":false,"showFlares":true,"showImageEffects":true,"showParticleSystems":true},"in2DMode":false,"pivot":{"x":-0.09714213013648987,"y":-0.1580219864845276,"z":0.10128530859947205},"rotation":{"x":0.4472205936908722,"y":0.3698998689651489,"z":-0.21026962995529176,"w":0.7867367267608643},"size":0.38333195447921755,"orthographic":false}