{"cameraMode":{"drawMode":0,"name":"Shaded","section":"Shading Mode"},"sceneLighting":false,"audioPlay":false,"sceneViewState":{"showFog":true,"showMaterialUpdate":false,"showSkybox":false,"showFlares":true,"showImageEffects":true,"showParticleSystems":true},"in2DMode":false,"pivot":{"x":-0.8628467321395874,"y":0.7475204467773438,"z":-0.4451630115509033},"rotation":{"x":-0.02037067338824272,"y":0.976591944694519,"z":-0.18528708815574647,"w":-0.10736631602048874},"size":1.3913722038269044,"orthographic":false}